canonical_name,alias
Mats Øyvind Jacobsen Arntzen,Mats Arntzen
Mats Øyvind Jacobsen Arntzen,Arntzen
Mats Øyvind Jacobsen Arntzen,Mats Øyvind Jacobsen Arntzen
Rasmus Grytvik-Skoglund,Rasmus Skoglund
Rasmus Grytvik-Skoglund,Rasmus
Rasmus Grytvik-Skoglund,Rasmus Grytvik-Skoglund
Remi Andre Kristiansen,Remi
Remi Andre Kristiansen,Remi Kristiansen
Remi Andre Kristiansen,Remi Andre Kristiansen
Andreas Nikolai Løkås,Andreas Løkås
Andreas Nikolai Løkås,Løkås
Andreas Nikolai Løkås,Andreas Nikolai Løkås
Joakim André Bødker,Joakim Bødker
Joakim André Bødker,Joakim André Bødker
Lars Egil Karlsen Furebotten,Lars Egil Furebotten
Lars Egil Karlsen Furebotten,Lars Erik Furebotten
Lars Egil Karlsen Furebotten,Furebotten
Lars Egil Karlsen Furebotten,Lars Egil Karlsen Furebotten
Matz Andreas Håheim,Matz Håheim
Matz Andreas Håheim,Håheim
Matz Andreas Håheim,Matz Andreas Håheim
Henrik Drage Hagane,Henrik Hagane
Henrik Drage Hagane,Henrik Drage Hagane
Sindre Krognes,Krognes
Sindre Krognes,Sindre Krognes
Sindre Kolberg,Kolberg
Sindre Kolberg,Sindre Kolberg
Øyvind Nordmo Sivertsen,Nordmo Sivertsen
Øyvind Nordmo Sivertsen,Øyvind Nordmo
Øyvind Nordmo Sivertsen,Øyvind Normo Sivertsen
Øyvind Nordmo Sivertsen,Øyvind Nordmo Sivertsen
Nils Åsheim Megård,Nils Megård
Nils Åsheim Megård,Nils Åsheim Megård
Mikael Dearsley,Mikael Dearsley
Mikael Dearsley,Michael Dearsley
Michael Jensen Olafsen,Michael Jensen Olafsen
Michael Jensen Olafsen,Michael Olafsen
Michael Jensen Olafsen,Michael Jensen
Adrian Drage Valla,Adrian Drage Valla
Adrian Drage Valla,Adrian Valla
Adrian Johansen,Adrian Johansen
Mats Rydland,Mats Rydland
Mats Rydland,Rydland
Kristoffer W Pettersen,Kristoffer W Pettersen
Kristoffer W Pettersen,W Pettersen
Kristoffer W Pettersen,Kristoffer Pettersen
Simen Ulriksen,Simen Ulriksen
Simen Pedersen,Simen Pedersen
Nickolai Macpherson,Nickolai
Nickolai Macpherson,Nickolai Macpherson
Nickolai Macpherson,Nikolai Macpherson
Håkon Juliussen,Håkon Juliussen
Håkon Juliussen,Juliussen
Øyvind Sørensen,Øyvind Sørensen
Adrian Auke,Adrian Auke
Adrian Auke,Adrian Tangen Auke
Kevin Jørgensen,Kevin Jørgensen
Kevin Jørgensen,Kevin Andre Dybfest Jørgensen
Mattias Pettersen,Mattias Pettersen
Mattias Pettersen,Matias Pettersen
Oskar Brun,Oskar Brun
Oskar Brun,Oskar Kristensen Brun
Anders Hole,Anders Hole
